Built,n,prop
3.5.0,284,0.9435215946843853
3.5.1,5,0.016611295681063124
3.5.2,12,0.03986710963455149
